what is Data Structure,"A data structure is a specialized format for organizing, processing, retrieving and storing data. There are several basic and advanced types of data structures, all designed to arrange data to suit a specific purpose. Data structures make it easy for users to access and work with the data they need in appropriate ways. Most importantly, data structures frame the organization of information so that machines and humans can better understand it.",8,www.techtarget.com
what is Data Structure,empty info,0,empty url
what is Data Structure,Beat the competition and land yourself a top job. Register for Job-a-thon now!,0,www.geeksforgeeks.org
what is Data Structure,Beat the competition and land yourself a top job. Register for Job-a-thon now!,0,www.geeksforgeeks.org
what is Data Structure,Beat the competition and land yourself a top job. Register for Job-a-thon now!,0,www.geeksforgeeks.org
what is Data Structure,Beat the competition and land yourself a top job. Register for Job-a-thon now!,0,www.geeksforgeeks.org
what is Data Structure,empty info,0,empty url
what is Data Structure,44%,0,www.programiz.com
what is Data Structure,44%,0,www.programiz.com
what is Data Structure,empty info,0,www.programiz.com
what is Data Structure,44%,0,www.programiz.com
what is Data Structure,Data Structures (DS) tutorial provides basic and advanced concepts of Data Structure. Our Data Structure tutorial is designed for beginners and professionals.,5,www.javatpoint.com
what is Data Structure,"Data Structure can be defined as the group of data elements which provides an efficient way of storing and organising data in the computer so that it can be used efficiently. Some examples of Data Structures are arrays, Linked List, Stack, Queue, etc. Data Structures are widely used in almost every aspect of Computer Science i.e. Operating System, Compiler Design, Artifical intelligence, Graphics and many more.",6,www.javatpoint.com
what is Data Structure,"Data Structures are the programmatic way of storing data so that data can be used efficiently. Almost every enterprise application uses various types of data structures in one or the other way. This tutorial will give you a great understanding on Data Structures needed to understand the complexity of enterprise level applications and need of algorithms, and data structures.",6,www.tutorialspoint.com
what is Data Structure,"A data structure is a collection of data values and the relationships between them. Data structures allow programs to store and process data effectively. There are many different data structures, each with its own advantages and disadvantages. Some of the most common data structures are arrays, lists, trees, and graphs.",7,www.mygreatlearning.com
what is Data Structure,"Data is one of the most powerful tools available to any business or organization that wants to not only survive but rise to the top in today‚Äôs competitive and challenging world. The more information available, the more options and better solutions to problems and obstacles open up.",1,www.simplilearn.com
what is Data Structure,empty info,0,www.scaler.com
what is Data Structure,Learn What is Data Structures?,1,www.scaler.com
what is Data Structure,integralist,0,www.integralis
what is Data Structure,empty info,0,empty url
what is Data Structure,Overview of C Language,0,www.studytonight.com
what is Data Structure,empty info,0,empty url
what is Data Structure,empty info,0,empty url
what is Data Structure,empty info,0,empty url
what is Data Structure,Job guarantee,0,www.springboard.com
what is Data Structure,empty info,0,empty url
what is Data Structure,empty info,0,empty url
what is Data Structure,"Data Structures in C are used to store data in an organised and efficient manner. The C Programming language has many data structures like an array, stack, queue, linked list, tree, etc. A programmer selects an appropriate data structure and uses it according to their convenience.",5,www.edu
what is Data Structure,empty info,0,empty url
what is Data Structure,empty info,0,empty url
what is Data Structure,There are many definitions available.,0,www.cpp.edu
what is Data Structure,empty info,0,www.youtube.com
what is Data Structure,empty info,0,empty url
what is Data Structure,An Introductory Tutorial On Data Structures In C++.,1,www.softwaretestinghelp.com
what is Data Structure,Our editors will review what you‚Äôve submitted and determine whether to revise the article.,0,www.britannica.com
what is Data Structure,empty info,0,www.iare.ac.in/sit
what is Data Structure,Something went wrong. Wait a moment and try again.,0,www.quora.com
what is Data Structure,empty info,2,empty url
what is Data Structure,empty info,2,empty url
what is Data Structure,"if you are interested in knowing the types and classifications of data structures, then read this article for more details.",1,www.safalta.com
what is Algorithm,empty info,0,empty url
what is Algorithm,empty info,0,empty url
what is Algorithm,empty info,0,empty url
what is Algorithm,empty info,0,empty url
what is Algorithm,empty info,0,empty url
what is Algorithm,An algorithm is a procedure used for solving a problem or performing a computation. Algorithms act as an exact list of instructions that conduct specified actions step by step in either hardware- or software-based routines.,1,www.techtarget.com
what is Algorithm,Beat the competition and land yourself a top job. Register for Job-a-thon now!,0,www.geeksforgeeks.org
what is Algorithm,44%,0,www.programiz.com
what is Algorithm,44%,0,www.programiz.com
what is Algorithm,44%,0,www.programiz.com
what is Algorithm,44%,0,www.programiz.com
what is Algorithm,44%,0,www.programiz.com
what is Algorithm,"The percentage of the global equities volume run by algorithmic trading, as of 2019.",0,www.investopedia.com
what is Algorithm,"The percentage of the global equities volume run by algorithmic trading, as of 2019.",0,www.investopedia.com
what is Algorithm,"The percentage of the global equities volume run by algorithmic trading, as of 2019.",0,www.investopedia.com
what is Algorithm,"The percentage of the global equities volume run by algorithmic trading, as of 2019.",0,www.investopedia.com
what is Algorithm,"If you're seeing this message, it means we're having trouble loading external resources on our website.",0,www.khanacademy.org
what is Algorithm,empty info,0,empty url
what is Algorithm,empty info,0,empty url
what is Algorithm,An algorithm is the list of instructions and rules that a computer needs to do to complete a task.,1,www.thinkautomation.com
what is Algorithm,empty info,0,empty url
what is Algorithm,empty info,0,empty url
what is Algorithm,"Algorithm is a step-by-step procedure, which defines a set of instructions to be executed in a certain order to get the desired output. Algorithms are generally created independent of underlying languages, i.e. an algorithm can be implemented in more than one programming language.",2,www.tutorialspoint.com
what is Algorithm,"An algorithm is a specific procedure for solving a well-defined computational problem. The development and analysis of algorithms is fundamental to all aspects of computer science: artificial intelligence, databases, graphics, networking, operating systems, security, and so on. Algorithm development is more than just programming. It requires an understanding of the alternatives available for solving a computational problem, including the hardware",3,www.britannica.com
what is Algorithm,empty info,0,empty url
what is Algorithm,empty info,1,empty url
what is Algorithm,empty info,0,empty url
what is Algorithm,"Simple as the definition of the notion of algorithm is, the concept of what it attempts to convey is a matter of debate and scientific research. In most of textbooks (see, e.g. Review of Discrete Algorithmic Mathematics by S. B. Maurer and A. Ralston) algorithms are required to possess several properties, notably Finiteness and Definiteness. In prose",1,www.cut-the-knot.org
what is Algorithm,empty info,0,empty url
what is Algorithm,empty info,0,www.youtube.com
what is Algorithm,"Visit WIRED Photo for our unfiltered take on photography, photographers, and photographic journalism wrd.cm/1IEnjUH",0,www.wired.com
what is Algorithm,Trending Terms,0,www.techopedia.com
what is Algorithm,"Once merely used in healthcare, algorithms are now increasingly used for healthcare, so what are they?",0,www.phgfoundation.org
what is Algorithm,An algorithm is a step-by-step process to solve a particular problem.,1,www.splashlearn.com
what is Algorithm,empty info,0,empty url
what is Algorithm,empty info,0,empty url
what is Algorithm,Something went wrong. Wait a moment and try again.,0,www.quora.com
what is Algorithm,empty info,0,empty url
what is Algorithm,See our research on: Gun Policy | Economy | Abortion | Russia | COVID-19,0,www.pewresearch.org
what is Algorithm,empty info,0,empty url
what is Source Control,empty info,1,empty url
what is Source Control,empty info,0,empty url
what is Source Control,empty info,2,empty url
what is Source Control,empty info,0,empty url
what is Source Control,empty info,0,empty url
what is Source Control,"Version control, also known as source control, is the practice of tracking and managing changes to software code. Version control systems are software tools that help software teams manage changes to source code over time. As development environments have accelerated, version control systems help software teams work faster and smarter. They are especially useful for DevOps teams since they help them to reduce development time and increase success",6,www.atlassian.com
what is Source Control,¬†,0,www.atlassian.com
what is Source Control,empty info,0,empty url
what is Source Control,empty info,0,empty url
what is Source Control,empty info,0,empty url
what is Source Control,empty info,0,empty url
what is Source Control,empty info,0,www.youtube.com
what is Source Control,"Here, we review top Source Code Management Tools, and determine the best Source Code Management software to track application code changes:",2,www.softwaretestinghelp.com
what is Source Control,empty info,0,empty url
what is Source Control,empty info,0,empty url
what is Source Control,empty info,0,empty url
what is Source Control,empty info,0,empty url
what is Source Control,empty info,0,empty url
what is Source Control,empty info,0,empty url
what is Source Control,Julian Feliciano,0,www.codenewbie.org
what is Source Control,empty info,0,empty url
what is Source Control,empty info,0,empty url
what is Source Control,Regression testing software can help you make the manual regression testing process automated. It can save a lot of time and effort. But what is regression testing software? What should you look for when you are deciding on the regression testing tool of your choice?...,0,www.ranorex.com
what is Source Control,empty info,0,empty url
what is Source Control,empty info,1,empty url
what is Source Control,"For more information, see Building with Rational Team Concert Build.",0,www.ibm.com
what is Source Control,empty info,0,empty url
what is Source Control,empty info,2,empty url
what is Source Control,Help CenterHelp Center,0,www.mathworks.com
what is Source Control,empty info,2,empty url
what is Source Control,empty info,0,empty url
what is Source Control,empty info,2,empty url
what is Source Control,empty info,0,empty url
what is Source Control,empty info,4,empty url
what is Source Control,empty info,0,empty url
what is Source Control,empty info,0,empty url
what is Source Control,Benchtop Measurement and Test,0,www.ni.com
what is Source Control,empty info,2,empty url
what is Source Control,empty info,0,empty url
what is Source Control,empty info,2,empty url
what is Text Editors,"A text editor is a computer program that lets a user enter, change, store, and usually print text (characters and numbers, each encoded by the computer and its input and output devices, arranged to have meaning to users or to other programs). Typically, a text editor provides an ""empty"" display screen (or ""scrollable page"") with a fixed-line length and visible line numbers. You can then fill the lines in with text, line by line. A special command",6,www.techtarget.com
what is Text Editors,empty info,0,empty url
what is Text Editors,empty info,0,empty url
what is Text Editors,empty info,0,empty url
what is Text Editors,empty info,0,empty url
what is Text Editors,empty info,2,empty url
what is Text Editors,Subscribe to our newsletter and learn something new every day.,0,www.easytechjunkie.com
what is Text Editors,"copy editor, copyreader, text editornoun",1,www.definitions.net
what is Text Editors,empty info,0,empty url
what is Text Editors,Something went wrong. Wait a moment and try again.,0,www.quora.com
what is Text Editors,Something went wrong. Wait a moment and try again.,0,www.quora.com
what is Text Editors,Something went wrong. Wait a moment and try again.,0,www.quora.com
what is Text Editors,Something went wrong. Wait a moment and try again.,0,www.quora.com
what is Text Editors,Something went wrong. Wait a moment and try again.,0,www.quora.com
what is Text Editors,"The ability to change text by adding, deleting and rearranging letters, words, sentences and paragraphs. Text editing is the main operation users perform in word processors, which typically also handle graphics and other multimedia files. See text editor and word processing.",3,www.pcmag.com
what is Text Editors,empty info,11,empty url
what is Text Editors,empty info,0,www.text-editor.org
what is Text Editors,empty info,0,empty url
what is Text Editors,empty info,8,empty url
what is Text Editors,&nbsp;,0,www.cprogramming.com
what is Text Editors,&nbsp;,0,www.byui.edu
what is Text Editors,Trending Terms,0,www.techopedia.com
what is Text Editors,¬© 1999-2022 Sesli S√∂zl√ºk‚Ñ¢ Ltd. ≈ûti.,0,www.seslisozluk.net
what is Text Editors,empty info,1,empty url
what is Text Editors,"All content on this website, including dictionary, thesaurus, literature, geography, and other reference data is for informational purposes only. This information should not be considered complete, up to date, and is not intended to be used in place of a visit, consultation, or advice of a legal, medical, or any other professional.",0,www.thefreedictionary.com
what is Text Editors,empty info,0,www.g2.com
what is Text Editors,empty info,0,empty url
what is Text Editors,empty info,0,/
what is Text Editors,Exercise on text editing,1,www.math.tamu.edu
what is Text Editors,empty info,0,empty url
what is Text Editors,Quick word challenge,0,www.collinsdictionary.com
what is Text Editors,empty info,0,empty url
what is Text Editors,"If you just need a super quick way to strip the formatting from some text or to make a .TXT file without downloading a program, try Edit Pad. For conversions, a document converter is usually preferred.",1,www.lifewire.com
what is Text Editors,empty info,0,empty url
what is Text Editors,"Editors or text editors are software programs that enable the user to create and edit text files. In the field of programming, the term editor usually refers to source code editors that include many special features for writing and editing code. Notepad, Wordpad are some of the common editors used on Windows OS and vi, emacs, Jed, pico are the editors on UNIX OS. Features normally associated with text editors are &#8212; moving the cursor, deleti",9,www.geeksforgeeks.org
what is Text Editors,"As a system administrator, you are responsible to make sure everything in your network is up and running. That means that running commands on the terminal is just not enough and changing configuration files or making small scripts to do certain tasks are also an important part of the job. In such a situation, you must have a text editor that you are very comfortable with and lets you get things done quickly and efficiently. Here is a roundup of t",3,www.filecloud.com
what is Text Editors,empty info,0,empty url
what is Text Editors,    &bull; Categorized under Technology | Difference Between IDE and Text Editor,1,www.differencebetween.net
what is Text Editors,empty info,0,www.youtube.com
what is Text Editors,Here we review and compare the top Text Editors for Windows and Mac to guide you in selecting the best text editor for your requirements:,3,www.softwaretestinghelp.com
what is IDEs,empty info,0,empty url
what is IDEs,empty info,0,empty url
what is IDEs,empty info,0,empty url
what is IDEs,empty info,0,empty url
what is IDEs,empty info,0,empty url
what is IDEs,empty info,0,empty url
what is IDEs,empty info,0,empty url
what is IDEs,"You may have heard the phrase ‚Äúbeware the Ides of March,‚Äù but what is an Ides and what‚Äôs there to fear? The Ides is actually a day that comes about every month, not just in March‚Äîaccording to the ancient Roman calendar, at least. The Romans tracked time much differently than we do now, with months divided into groupings of days counted before certain named days: the Kalends at the beginning of the month, the Ides at the middle, and the Nones betw",6,www.britannica.com
what is IDEs,empty info,0,empty url
what is IDEs,empty info,0,empty url
what is IDEs,empty info,0,empty url
what is IDEs,empty info,0,empty url
what is IDEs,March 15 is known as the ides of March.¬†But why do we need to &#8220;beware&#8221; of them? What&#8217;s so inauspicious about this otherwise normal day? Why has this humdrum mid-month point become a harbinger of ill fortune?,1,www.dictionary.com
what is IDEs,empty info,0,empty url
what is IDEs,idesnoun,0,www.definitions.net
what is IDEs,empty info,0,empty url
what is IDEs,empty info,0,empty url
what is IDEs, √†√£ƒÅ√ßƒç√®√©√™√´ƒìƒ£√¨√Æ√Øƒ´ƒ∑ƒº√±≈à≈Ü√≤√¥√∂√µ≈ü≈°≈£√π√∫√ª√º≈´√Ω≈æ≈ìmenuHome UK English  ides ,1,www.lexico.com
what is IDEs,empty info,0,empty url
what is IDEs,Term,0,www.abbreviations.com
what is IDEs,An integrated development environment (IDE) is a software suite that consolidates basic tools required to write and test software.,0,www.techtarget.com
what is IDEs,empty info,0,empty url
what is IDEs,¬© 1999-2022 Sesli S√∂zl√ºk‚Ñ¢ Ltd. ≈ûti.,0,www.seslisozluk.net
what is IDEs,"We all suffer from NIH (Not Invented Here) syndrome, our natural reaction to someone else's ides is ""why it won't work"" vs. ""let's give it a try!""",1,www.wordnik.com
what is IDEs,empty info,0,empty url
what is IDEs,Your abbreviation search returned 24 meanings,0,www.acronymfinder.com
what is IDEs,Something went wrong. Wait a moment and try again.,0,www.quora.com
what is IDEs,empty info,0,empty url
what is IDEs,Quick word challenge,0,www.collinsdictionary.com
what is IDEs,empty info,1,empty url
what is IDEs,"&quot;middle day of a Roman month,&quot; early 14c., from Old French ides (12c.), from Latin idus (plural) &quot;the ides,&quot; a word perhaps of Etruscan origin. In the Roman calendar the eighth day after the nones, corresponding to the 15th of March, May, July, and October; the 13th of other months. &quot;Debts and interest were often payable on the ides&quot; [Lewis].",3,www.etymonline.com
what is IDEs,"We sent you SMS, for complete subscription please reply.",0,www.wonderopolis.org
what is IDEs,empty info,0,www.kcra.com
what is IDEs,empty info,0,empty url
what is IDEs,empty info,0,empty url
what is IDEs,"The Integrated Disability Evaluation System (IDES) is a joint DoD and VA disability evaluation process. Under this system, VA helps DoD determine if wounded, ill, or injured Service members are fit for continued Military service and provide disability benefits to Service members and Veterans, if appropriate. IDES allows VA and DoD to share information and to complete each agency&rsquo;s respective process simultaneously, without the need for dupl",2,www.benefits.va.gov
what is IDEs,empty info,12,empty url
what is IDEs,empty info,1,empty url
what is IDEs,empty info,0,empty url
what is IDEs, HITC      ,0,www.hitc.com
what is Database,empty info,0,empty url
what is Database,empty info,0,empty url
what is Database,"Data is a collection of a distinct small unit of information. It can be used in a variety of forms like text, numbers, media, bytes, etc. it can be stored in pieces of paper or electronic memory, etc. ",0,www.javatpoint.com
what is Database,empty info,0,empty url
what is Database,empty info,0,empty url
what is Database,empty info,0,empty url
what is Database,empty info,0,empty url
what is Database,"A database is information that is set up for easy access, management and updating. Computer databases typically store aggregations of data records or files that contain information, such as sales transactions, customer data, financials and product information.",1,www.techtarget.com
what is Database,empty info,0,empty url
what is Database,Our editors will review what you‚Äôve submitted and determine whether to revise the article.,0,www.britannica.com
what is Database,empty info,0,empty url
what is Database,SOLARWINDS HYBRID CLOUD OBSERVABILITY,0,www.solarwinds.com
what is Database,"Data is information and to organize this data, you require a Database. This article on What is a Database will help you understand the definition, the different types, their advantages and disadvantages.",2,www.edu
what is Database,empty info,0,empty url
what is Database,empty info,0,empty url
what is Database,"Database management systems are software systems used to manage and manipulate data in a database. As most application performance issues originate in the database, knowing how to monitor and optimize your database is essential to your operations.",4,www.appdynamics.com
what is Database,empty info,0,empty url
what is Database,What structures exist in a relational database?,1,www.ibm.com
what is Database,empty info,2,empty url
what is Database,empty info,0,empty url
what is Database,"Before giving information about the database management system, it will be useful to explain what the database means. A database is a collection of data that has a relationship and a certain order among themselves. Information of students in schools, hospitals information about patients and information about the customers of the stores are a database. If databases are used correctly, they have the effect of providing important information for bus",5,www.gtech.com
what is Database,Something went wrong. Wait a moment and try again.,0,www.quora.com
what is Database,"The Database is an essential part of our life. As we encounter several activities that involve our interaction with databases, for example in the bank, in the railway station, in school, in a grocery store, etc. These are the instances where we need to store a large amount of data in one place and fetch these data easily.&nbsp;",1,www.geeksforgeeks.org
what is Database,‚ûü Coronavirus (COVID-19) | Latest support and guidance,0,www.nibusinessinfo.co
what is Database,Home &raquo; A Primer on Databases and Catalogs &raquo; What is a database?,1,www.usg.edu
what is Database,empty info,0,empty url
what is Database,empty info,0,empty url
what is Database,"A Database Management System (DBMS) is software designed to store, retrieve, define, and manage data in a database.",2,www.heavy.ai/
what is Database,empty info,1,empty url
what is Database,empty info,0,empty url
what is Database,"The amount of data generated grows more and more every day, and it has shown no signs of stopping. In fact, with the increase in the number of internet users, 90 percent of the world&#x27;s data has been created in the last two years. Data may be important to businesses, but rapid data growth can create a number of problems, such as poor application performance and compliance risks. As the volume of data grows, there is an increasing need for dat",1,www.simplilearn.com
what is Database,"Login/Create AccountLanguage: EnglishUSChinaCart0All ProductsAll ProductsBooksJournalsVideosBook ChaptersJournal ArticlesVideo LessonsTeaching CasesSpecial Offers10% Discount on All E-Books through IGI Global‚Äôs Online BookstoreWith the continued paper shortages and supply chain issues, we have been informed by our partners that there will be substantial delays in printing and shipping publications, especially as we approach the holiday seas",0,www.igi-global.com
what is Database,empty info,0,www.youtube.com
what is Database,WPBeginner,0,www.wpbeginner.com
what is Database,empty info,3,empty url
what is Database,empty info,0,empty url
what is Database,empty info,0,empty url
what is Database,5min Read ,0,www.hostinger.com
what is Database,empty info,0,www.upwork.com
what is Database,empty info,0,empty url
what is SQL,empty info,0,empty url
what is SQL,empty info,0,empty url
what is SQL,"main_leaderboard, all: [728,90][970,90][320,50][468,60]",0,www.w3schools.com
what is SQL,"SQL (pronounced &#8220;ess-que-el&#8221;) stands for Structured Query Language. SQL is used to communicate with a database. According to ANSI (American National Standards Institute), it is the standard language for relational database management systems. SQL statements are used to perform tasks such as update data on a database, or retrieve data from a database. Some common relational database management systems that use SQL are: Oracle, Sybase, ",5,www.sqlcourse.com
what is SQL,"SQL is a language to operate databases; it includes database creation, deletion, fetching rows, modifying rows, etc. SQL is an ANSI (American National Standards Institute) standard language, but there are many different versions of the SQL language.",3,www.tutorialspoint.com
what is SQL,empty info,0,empty url
what is SQL,empty info,0,empty url
what is SQL,empty info,0,empty url
what is SQL,empty info,0,empty url
what is SQL,empty info,0,www.youtube.com
what is SQL,"Structured Query Language (SQL) is a standardized programming language that is used to manage relational databases and perform various operations on the data in them. Initially created in the 1970s, SQL is regularly used not only by database administrators, but also by developers writing data integration scripts and data analysts looking to set up and run analytical queries.",2,www.techtarget.com
what is SQL,Job guarantee,0,www.springboard.com
what is SQL,empty info,0,empty url
what is SQL,Business News Daily receives compensation from some of the companies listed on this page. Advertising Disclosure,0,www.businessnewsdaily.com
what is SQL,SQL tutorial provides basic and advanced concepts of SQL. Our SQL tutorial is designed for both beginners and professionals.,3,www.javatpoint.com
what is SQL,¬†,0,www.thebalancecareers.com
what is SQL,empty info,0,empty url
what is SQL,EXPLORE,0,www.spiceworks.com
what is SQL,Our editors will review what you‚Äôve submitted and determine whether to revise the article.,0,www.britannica.com
what is SQL,"SQL (pronounced ""ess-que-el"") stands for Structured Query Language. SQL is used to communicate with a database. According to ANSI (American National Standards Institute), it is the standard language for relational database management systems.",2,www.sussex.ac.uk/i
what is SQL,empty info,0,empty url
what is SQL,Beat the competition and land yourself a top job. Register for Job-a-thon now!,0,www.geeksforgeeks.org
what is SQL,"Today, Structured Query Language is the standard means of manipulating and querying data in relational databases, though with proprietary extensions among the products. The ease and ubiquity of SQL have even led the creators of many ‚ÄúNoSQL‚Äù or non-relational data stores, such as Hadoop, to adopt subsets of SQL or come up with their own SQL-like query languages.",3,www.infoworld.com
what is SQL,empty info,2,empty url
what is SQL,"By looking at the job postings, we can see an enormous demand for SQL Developers across the globe. From finance to tech companies, all of them deal with massive amounts of data. Therefore, these industries need to process and extract meaningful information from the data. SQL is used for accessing and managing data in relational databases. This article will teach you SQL basics and help you understand various aspects of Structured Query Language.",3,www.simplilearn.com
what is SQL,empty info,0,www.sqltutorial.org
what is SQL,View all Business,0,www.itpro.co.uk/sql
what is SQL,Something went wrong. Wait a moment and try again.,0,www.quora.com
what is SQL,empty info,0,empty url
what is SQL,empty info,0,empty url
what is SQL,empty info,0,empty url
what is SQL,"Login/Create AccountLanguage: EnglishUSChinaCart0All ProductsAll ProductsBooksJournalsVideosBook ChaptersJournal ArticlesVideo LessonsTeaching CasesSpecial Offers10% Discount on All E-Books through IGI Global‚Äôs Online BookstoreWith the continued paper shortages and supply chain issues, we have been informed by our partners that there will be substantial delays in printing and shipping publications, especially as we approach the holiday seas",0,www.igi-global.com
what is SQL,"Home / Blog / Coding / What Is SQL, and What Are The Benefits, Uses, and Importance Of SQL In The Real World?",2,www.byjusfutureschool.com
what is SQL,empty info,0,www.ibm.com
what is SQL,empty info,0,empty url
what is SQL,empty info,0,www.sqlservertutorial.net
what is SQL,empty info,0,www.sqlservertutorial.net
what is SQL,SQL engine is defined as software that recognizes and interprets SQL commands to access a relational database and interrogate data. SQL engine is also commonly referred to as a SQL database engine or a SQL query engine.,5,www.heavy.ai/technical-gl
what is SQL,SQL includes the following parts:,1,www.tutorialsteacher.com
what is SQL,Contents:,0,www.w3resource.com
what is UNIX,empty info,0,www.pinterest.com
what is UNIX,empty info,2,empty url
what is UNIX,empty info,2,empty url
what is UNIX,empty info,0,empty url
what is UNIX,empty info,0,empty url
what is UNIX,empty info,1,empty url
what is UNIX,"Unix -- trademarked as UNIX -- is a multiuser, multitasking operating system (OS) designed for flexibility and adaptability. Originally developed in the 1970s, Unix was one of the first OSes to be written in the C programming language. Since its introduction, the Unix operating system and its offshoots have had a profound effect on the computer and electronics industry, offering portability, stability and interoperability across a range of hetero",4,www.techtarget.com
what is UNIX,"UNIX is an operating system which was first developed in the 1960s, and has been under constant development ever since. By operating system, we mean the suite of programs which make the computer work. It is a stable, multi-user, multi-tasking system for servers, desktops and laptops.",1,www.hpc.iastate.edu
what is UNIX,cp¬†file1 file2¬†is the command which makes a copy of¬†file1¬†in the current working directory and calls it¬†file2,0,www.hpc.iastate.edu
what is UNIX,"When you first login, your current working directory is your home directory. Your home directory has the same name as your user-name, for example,¬†ee91ab, and it is where your personal files and subdirectories are saved.",0,www.hpc.iastate.edu
what is UNIX,"In your¬†unixstuff¬†directory, type",0,www.hpc.iastate.edu
what is UNIX,"There are many different versions of UNIX, although they share common similarities. The  most popular varieties of UNIX are  Sun Solaris,  GNU/Linux, and MacOS X. ",2,www.ee.surrey.ac.uk/
what is UNIX,The Unix operating system is a set of programs that act as a link between the computer and the user.,1,www.tutorialspoint.com
what is UNIX,Trending Terms,0,www.techopedia.com
what is UNIX,Introduction to Unix Operating System:,1,www.softwaretestinghelp.com
what is UNIX,"Unix Vs Linux: Learn what is the Core Difference between UNIX and Linux Architecture, Kernel And Commands",2,www.softwaretestinghelp.com
what is UNIX,empty info,0,empty url
what is UNIX,empty info,0,empty url
what is UNIX,"UNIX is a powerful Operating System initially developed by Ken Thompson, Dennis Ritchie at AT&T Bell laboratories in 1970. It is prevalent among scientific, engineering, and academic institutions due to its most appreciative features like multitasking, flexibility, and many more. In UNIX, the file system is a hierarchical structure of files and directories where users can store and retrieve information using the files. ",2,www.javatpoint.com
what is UNIX,empty info,0,empty url
what is UNIX,empty info,0,empty url
what is UNIX,empty info,0,empty url
what is UNIX,empty info,0,empty url
what is UNIX,"In the &#8217;80s and early &#8217;90s, DOS and Windows were the only predominant operating systems. They were only accessible to those who could afford to buy a computer. This was a rarity back then. However, Innovations and advancements in software development spawned the rise of modern operating systems. At the turn of a new Century, multiple operating systems came along and found use across several devices. From PCs and smart devices to route",2,www.unixmen.com
what is UNIX,empty info,0,empty url
what is UNIX,"Unix is an Operating System that is truly the base of all Operating Systems like Ubuntu, Solaris, POSIX, etc. It was developed in the 1970s by Ken Thompson, Dennis Ritchie, and others in the AT&T Laboratories. It was originally meant for programmers developing software rather than non-programmers.&nbsp;",1,www.geeksforgeeks.org
what is UNIX,EDUCBA,0,www.educba.com
what is UNIX,"Join 425,000 subscribers and get a daily digest of news, geek trivia, and our feature articles.",0,www.howtogeek.com
what is UNIX,empty info,0,empty url
what is UNIX,empty info,0,empty url
what is UNIX,Our editors will review what you‚Äôve submitted and determine whether to revise the article.,0,www.britannica.com
what is UNIX,empty info,0,empty url
what is UNIX,empty info,0,empty url
what is UNIX,Something went wrong. Wait a moment and try again.,0,www.quora.com
what is UNIX,empty info,0,www.cis.rit.edu
what is UNIX,empty info,0,www.youtube.com
what is UNIX,empty info,3,empty url
what is UNIX,empty info,0,www.opengroup.org
what is UNIX,"A multiuser, multitasking operating system that has been widely used in servers and high-end workstations. The Open Group holds the trademark for the UNIX name (spelled in upper case) on behalf of the industry and provides compliance certification to the UNIX standard (see Single UNIX Specification).",3,www.pcmag.com
what is UNIX,empty info,3,empty url
what is Linux,Looking to get started in Linux? Develop a good working knowledge of Linux using both the graphical interface and command line across the major Linux distribution families with The Linux Foundation&#8217;s Intro to Linux online course. Enroll for free here. (Este curso tambi√©n est disponible en espa√±ol.¬†Haga clic aqu para Introduccin a Linux.),6,www.linux.com
what is Linux,empty info,0,empty url
what is Linux,empty info,0,empty url
what is Linux,empty info,0,empty url
what is Linux,empty info,0,empty url
what is Linux,empty info,0,empty url
what is Linux,"Linux is an open-source operating system like other operating systems such as Microsoft Windows, Apple Mac OS, iOS, Google android, etc. An operating system is a software that enables the communication between computer hardware and software. It conveys input to get processed by the processor and brings output to the hardware to display it. This is the basic function of an operating system. Although it performs many other important tasks, let's no",1,www.javatpoint.com
what is Linux,"Linux is a Unix-like, open source and community-developed operating system (OS) for computers, servers, mainframes, mobile devices and embedded devices. It is supported on almost every major computer platform, including x86, ARM and SPARC, making it one of the most widely supported operating systems.",1,www.techtarget.com
what is Linux,empty info,0,empty url
what is Linux,empty info,0,empty url
what is Linux,empty info,0,empty url
what is Linux,empty info,0,www.youtube.com
what is Linux,empty info,0,www.youtube.com
what is Linux,Linux is one of popular version of UNIX operating System. It is open source as its source code is freely available. It is free to use. Linux was designed considering UNIX compatibility. Its functionality list is quite similar to that of UNIX.,2,www.tutorialspoint.com
what is Linux,empty info,0,empty url
what is Linux,empty info,0,empty url
what is Linux,"Linux is a community of open-source Unix like operating systems that are based on the Linux Kernel. It was initially released by Linus Torvalds on September 17, 1991. It is a free and open-source operating system and the source code can be modified and distributed to anyone commercially or noncommercially under the GNU General Public License.&nbsp;Initially, Linux was created for personal computers and gradually it was used in other machines like",9,www.geeksforgeeks.org
what is Linux,empty info,0,empty url
what is Linux,empty info,2,empty url
what is Linux,LenovoPRO&nbsp;Small Business Store,0,www.lenovo.com
what is Linux,empty info,0,empty url
what is Linux,"The Linux kernel is the foundation of the Linux computer operating system. A kernel is the lowest level of software that can interface with computer hardware. All Linux applications and servers also interface with the Linux kernel. All Linux distributions are based on the Linux kernel and use its services to implement various software functions. Unlike the hybrid kernels of Microsoft Windows and Mac OS X, the Linux kernel is monolithic. Monolithi",7,www.suse.com
what is Linux,"Linux is a tried-and-true, open-source operating system released in 1991 for computers, but its use has expanded to underpin systems for cars, phones, web servers and, more recently, networking gear.",1,www.networkworld.com
what is Linux,empty info,0,empty url
what is Linux,empty info,0,empty url
what is Linux,empty info,0,empty url
what is Linux,Something went wrong. Wait a moment and try again.,0,www.quora.com
what is Linux,empty info,0,empty url
what is Linux,empty info,1,empty url
what is Linux,"Unix Vs Linux: Learn what is the Core Difference between UNIX and Linux Architecture, Kernel And Commands",2,www.softwaretestinghelp.com
what is Linux,empty info,0,empty url
what is Linux,empty info,0,empty url
what is Linux,empty info,0,empty url
what is Linux,empty info,0,empty url
what is Linux,empty info,0,www.debian.org
what is Linux,empty info,0,www.makeuseof.com
what is Linux,empty info,0,empty url
what is Linux,empty info,0,empty url
what is Linux,"Updated: 20 January 2022Commentsüöß Under constructionSo you want to learn Linux to work in tech, or maybe you want to learn Linux for DevOps, but you don‚Äôt know where to begin? Then welcome to my guide to the beginner basics of Linux. I‚Äôll explain the jargon, and give you some top tips for getting started with Linux.If the thought of learning Linux has got you excited ‚Äì but also strangely scared ‚Äì then my gentle guide to this wonderful operating s",6,www.tutorialworks.com
what is Linux,"When you hear the word Linux, you may think of programmers with a beard typing obscure code on a black screen. Good news! Things have changed.",1,www.getgnulinux.org
what is Microsoft Excel,empty info,0,empty url
what is Microsoft Excel,empty info,0,empty url
what is Microsoft Excel,empty info,0,www.microsoft.com
what is Microsoft Excel,empty info,0,empty url
what is Microsoft Excel,empty info,0,empty url
what is Microsoft Excel,empty info,0,empty url
what is Microsoft Excel,empty info,0,empty url
what is Microsoft Excel,empty info,0,empty url
what is Microsoft Excel,"Excel is a&nbsp;spreadsheet&nbsp;program from Microsoft and a component of its Office product group for business applications. Microsoft Excel enables users to format, organize and calculate data in a spreadsheet.",4,www.techtarget.com
what is Microsoft Excel,empty info,0,empty url
what is Microsoft Excel,empty info,0,empty url
what is Microsoft Excel,empty info,0,empty url
what is Microsoft Excel,empty info,0,empty url
what is Microsoft Excel,empty info,0,empty url
what is Microsoft Excel,empty info,0,empty url
what is Microsoft Excel,Trending Terms,0,www.techopedia.com
what is Microsoft Excel,empty info,0,empty url
what is Microsoft Excel,empty info,0,empty url
what is Microsoft Excel,empty info,20,empty url
what is Microsoft Excel,empty info,0,empty url
what is Microsoft Excel,"MS Excel, also known as Microsoft Excel, is a widely used software in most companies or businesses worldwide. It provides various tools, functions, and features to make this software profitable for global companies in various fields. Therefore, to learn and properly organize data using Excel, we must know the definition and basics of this powerful software.",4,www.javatpoint.com
what is Microsoft Excel,The information we&#39;ve prepared refers to Microsoft Excel in general and is not limited to any specific version of the program.,2,www.lifewire.com
what is Microsoft Excel,empty info,0,empty url
what is Microsoft Excel,Our editors will review what you‚Äôve submitted and determine whether to revise the article.,0,www.britannica.com
what is Microsoft Excel,empty info,0,empty url
what is Microsoft Excel,empty info,0,empty url
what is Microsoft Excel,empty info,4,empty url
what is Microsoft Excel,"Excel is one of the most important programs Microsoft offers. A part of the Microsoft 365 (formerly called Office 365) suite, Excel is a spreadsheet program with a seemingly vast array of features and capabilities. Not only is Excel a way to store and organize information into cells and sheets, but it's a ""what if"" machine, able to quickly perform all manner of calculations with that data.",5,www.businessinsider.com
what is Microsoft Excel,empty info,0,empty url
what is Microsoft Excel,"In Excel, all dates prior to March 1, 1900 are incorrect due to an irreparable error.",1,www.investopedia.com
what is Microsoft Excel,empty info,0,www.opengatesw.net
what is Microsoft Excel,empty info,0,empty url
what is Microsoft Excel,empty info,0,www.globaledulink.co
what is Microsoft Excel,"When you purchase through links in our articles, we may earn a small commission. This doesn't affect our editorial independence.",0,www.techadvisor.com
what is Microsoft Excel,empty info,0,www.capterra.com
what is Microsoft Excel,empty info,0,www.youtube.com
what is Microsoft Excel,empty info,0,www.gezginler.net
what is Microsoft Excel,"√áerez Bildirimimizde ayrƒ±ntƒ±lƒ± ≈üekilde a√ßƒ±klandƒ±ƒüƒ± √ºzere alƒ±≈üveri≈ü yapmanƒ±zƒ± saƒülamak, alƒ±≈üveri≈ü deneyiminizi iyile≈ütirmek ve hizmetlerimizi sunmak i√ßin gerekli olan √ßerezleri ve benzer ara√ßlarƒ± kullanƒ±rƒ±z. Ayrƒ±ca, bu √ßerezleri m√º≈üterilerin hizmetlerimizi nasƒ±l kullandƒ±klarƒ±nƒ± anlamak (√∂rneƒüin, site ziyaretlerini √∂l√ßerek) ve b√∂ylece iyile≈ütirmeler yapabilmek i√ßin kullanƒ±yoruz.",0,www.amazon.com
what is Microsoft Excel,empty info,0,empty url
what is Microsoft Excel,empty info,4,empty url
what is Programming Language,empty info,0,empty url
what is Programming Language,empty info,0,empty url
what is Programming Language,empty info,0,empty url
what is Programming Language,empty info,0,empty url
what is Programming Language,empty info,0,empty url
what is Programming Language,"As we know, to communicate with a person, we need a specific language, similarly to communicate with computers, programmers also need a language is called Programming language.",4,www.javatpoint.com
what is Programming Language,"Once upon a time, the world of computer programming was a mysterious and exclusive place. Only a select handful of people were considered computer programmers with cutting-edge coding skills. Today, many IT jobs require a solid grasp of the top programming languages, and yes, we mean more than one.¬†",2,www.simplilearn.com
what is Programming Language,empty info,0,empty url
what is Programming Language,empty info,0,empty url
what is Programming Language,empty info,0,empty url
what is Programming Language,empty info,0,empty url
what is Programming Language,Our editors will review what you‚Äôve submitted and determine whether to revise the article.,0,www.britannica.com
what is Programming Language,"When beginning your coding journey, you may find yourself asking, ‚ÄúWhat exactly is a programming language?‚Äù In the video below, we answer this question. Check it out and then read on to learn more about different programming languages and what each is good for.",3,www.codecademy.com
what is Programming Language,empty info,0,www.cs.mcgill.ca/~
what is Programming Language,Explore Northeastern‚Äôs first international campus in Canada‚Äôs high-tech hub.,0,www.northeastern.edu
what is Programming Language,View all the initiatives Chakray can help your organisation succeed with,0,www.chakray.com
what is Programming Language,empty info,2,empty url
what is Programming Language,empty info,1,empty url
what is Programming Language,A brief introduction about programming and the need for programming.,2,www.c-sharpcorner.com
what is Programming Language,empty info,3,empty url
what is Programming Language,empty info,4,empty url
what is Programming Language,"Computer programming languages allow us to give instructions to a computer in a language the computer understands. Just as many human-based languages exist, there are an array of computer programming languages that programmers can use to communicate with a computer. The portion of the language that a computer can understand is called a ‚Äúbinary.‚Äù Translating programming language into binary is known as ‚Äúcompiling.‚Äù Each language, from C Language t",9,www.com
what is Programming Language,Programming languages are documentation that is implemented on a machine (computer) for the statement of algorithms and data structures. The term Programming Language is made up of two different words namely Programming and Language. These two words are defined as follows &minus;,5,www.tutorialspoint.com
what is Programming Language,empty info,0,empty url
what is Programming Language,"Login/Create AccountLanguage: EnglishUSChinaCart0All ProductsAll ProductsBooksJournalsVideosBook ChaptersJournal ArticlesVideo LessonsTeaching CasesSpecial Offers10% Discount on All E-Books through IGI Global‚Äôs Online BookstoreWith the continued paper shortages and supply chain issues, we have been informed by our partners that there will be substantial delays in printing and shipping publications, especially as we approach the holiday seas",1,www.igi-global.com
what is Programming Language,empty info,0,empty url
what is Programming Language,empty info,0,empty url
what is Programming Language,empty info,0,empty url
what is Programming Language,A language used to write instructions for the computer. It lets the programmer express data processing in a symbolic manner without regard to machine-specific details.,1,www.pcmag.com
what is Programming Language,empty info,0,empty url
what is Programming Language,empty info,0,empty url
what is Programming Language,empty info,0,empty url
what is Programming Language,Be well-versed in these programming languages.,1,www.monster.com
what is Programming Language,A classification of computer languages follows.,0,www.ibm.com
what is Programming Language,empty info,0,empty url
what is Programming Language,empty info,2,empty url
what is Programming Language,EDUCBA,0,www.educba.com
what is Programming Language,"If you‚Äôre new to the field of software development, the toughest part of learning programming is deciding where to begin. There are hundreds of programming languages in widespread use, each with its own complexities and idiosyncrasies.",2,www.fullstackacademy.com
what is Programming Language,"Are you aiming to become a software engineer one day? Do you also want to develop a mobile application that people all over the world would love to use? Are you passionate enough to take the big step to enter the world of programming? Then you are in the right place because through this article you will get a brief introduction to programming. Now before we understand what programming is, you must know what is a computer. A computer is a device t",3,www.geeksforgeeks.org
what is Programming Language,empty info,0,empty url
what is Networking Basics,empty info,0,empty url
what is Networking Basics,empty info,0,empty url
what is Networking Basics,Open system:&nbsp;A system which is connected to the network and is ready for communication.&nbsp;,0,www.geeksforgeeks.org
what is Networking Basics,empty info,0,empty url
what is Networking Basics,empty info,0,empty url
what is Networking Basics,empty info,0,empty url
what is Networking Basics,empty info,0,www.ece.uvic.c
what is Networking Basics,"A computer network comprises two or more computers that are connected‚Äîeither by cables (wired) or WiFi (wireless)‚Äîwith the purpose of transmitting, exchanging, or sharing data and resources. You build a computer network using hardware (e.g., routers, switches, access points, and cables) and software (e.g., operating systems or business applications).",0,www.ibm.com
what is Networking Basics,empty info,0,empty url
what is Networking Basics,Computers and the Internet have changed this world and our lifestyle very significantly over the last few decades.,0,www.softwaretestinghelp.com
what is Networking Basics,"A computer networking is a process of connecting two more than two computers with the purpose to share data, provide technical support, and to communicate (especially for the business purpose.",1,www.tutorialspoint.com
what is Networking Basics,empty info,0,empty url
what is Networking Basics,empty info,0,www.naukri.com
what is Networking Basics,empty info,0,www.youtube.com
what is Networking Basics,Image by Michael Schwarzenberger from Pixabay,0,www.redhat.com
what is Networking Basics,"This tutorial will discover the definition of computer networking, its types, computer networks work, networking concepts, commonly used terms, networking and internet, how it works, and network topologies.",3,www.javatpoint.com
what is Networking Basics,empty info,0,empty url
what is Networking Basics,empty info,0,empty url
what is Networking Basics,It is essential for Cyber Security Professionals to have a solid understanding of how computers communicate. There is much more happening behind the scenes of computer networks than what can be observed when using applications.,0,www.w3schools.com
what is Networking Basics,empty info,0,empty url
what is Networking Basics,empty info,0,empty url
what is Networking Basics,Selected as One of the ,0,www.hackers-arise.com
what is Networking Basics,empty info,0,empty url
what is Networking Basics,Contact your ScanSource sales rep to get authorized to purchase this product.,0,www.scansource.com
what is Networking Basics,empty info,0,empty url
what is Networking Basics,There's a problem loading your cart right now.,0,www.amazon.com
what is Networking Basics,$24.00,0,www.wiley.com
what is Networking Basics,empty info,1,empty url
what is Networking Basics,There was an error. Please try again.,0,www.lifewire.com
what is Networking Basics,Data networks and data networking technology touches every area of modern life either directly or indirectly.,1,www.electronics-notes.com
what is Networking Basics,empty info,0,empty url
what is Networking Basics,empty info,0,empty url
what is Networking Basics,empty info,0,empty url
what is Networking Basics,empty info,0,empty url
what is Networking Basics,"In this section you can learn and practice Networking Questions based on ""Networking Basics"" and improve your skills in order to face the interview, competitive examination and various entrance test (CAT, GATE, GRE, MAT, Bank Exam, Railway Exam etc.) with full confidence. ",3,www.indiabix.com
what is Networking Basics,Share,0,www.slideshare.net
what is Networking Basics,empty info,0,empty url
what is Networking Basics,Electronic items like eBooks are non-refundable. ,0,www.careerkey.org
what is Networking Basics,empty info,2,empty url
what is Networking Basics,This tutorial explains the basic concepts of computer networking. Learn the essential networking topics in detail with examples.,2,www.com
what is Scripting Languages,"The scripting language allows writing code without any preludes such as package, class or method declarations. Just open a file and start coding. It‚Äôs the simplest of the seven languages and is therefore a good starting point.",2,www.eclipse.org
what is Scripting Languages,empty info,0,empty url
what is Scripting Languages,empty info,0,empty url
what is Scripting Languages,empty info,0,empty url
what is Scripting Languages,empty info,0,empty url
what is Scripting Languages,empty info,0,empty url
what is Scripting Languages,empty info,0,empty url
what is Scripting Languages,empty info,0,empty url
what is Scripting Languages,empty info,0,empty url
what is Scripting Languages,empty info,0,empty url
what is Scripting Languages,empty info,0,empty url
what is Scripting Languages,"A scripting language is a programming language that employs a high-level construct to interpret and execute one command at a time. In general, scripting languages are easier to learn and faster to code in than more structured and&nbsp;compiled languages such as C and C++.",4,www.techtarget.com
what is Scripting Languages,empty info,0,empty url
what is Scripting Languages,"A script or scripting language is a computer language that does not need the compilation step and is rather interpreted one by one at runtime. It is where the script is written and where instructions for a run-time environment are written. In contrast to programming languages that are compiled first before running, scripting languages do not compile the file and execute the file without being compiled.",4,www.javatpoint.com
what is Scripting Languages,empty info,0,empty url
what is Scripting Languages,empty info,2,empty url
what is Scripting Languages,"A high-level programming language that is interpreted (translated on the fly) rather than compiled ahead of time. A scripting language may be a general-purpose programming language or it may be limited to specific functions used to augment the running of an application or system program. For example, JavaScript is widely used on Web pages for calculations as well as for displaying messages, drop-down menus and other user interface elements. Perl,",4,www.pcmag.com
what is Scripting Languages,All scripting languages are programming languages. The scripting language is basically a language where instructions are written for a run time environment. They do not require the compilation step and are rather interpreted. It brings new functions to applications and glue complex system together. A scripting language is a programming language designed for integrating and communicating with other programming languages.,6,www.geeksforgeeks.org
what is Scripting Languages,"Basically, all scripting languages are programming languages. The theoretical difference between the two is that scripting languages do not require the compilation step and are rather interpreted. For example, normally, a C program needs to be compiled before running whereas normally, a scripting language like JavaScript or PHP need not be compiled. &nbsp;&nbsp;",6,www.geeksforgeeks.org
what is Scripting Languages,empty info,0,empty url
what is Scripting Languages,Get your WhatsApp Chatbot for $5 a day,0,www.engati.com
what is Scripting Languages,Something went wrong. Wait a moment and try again.,0,www.quora.com
what is Scripting Languages,"Many people often do not know the differences between scripting languages and programming languages and use the terms interchangeably. They might sound similar but are quite different from each other. Everyone who wants to set their foot in the world of software development must know the differences between scripting languages and programming languages. Recent developments in the world of programming have, however, blurred the line of distinction",6,www.interviewbit.com
what is Scripting Languages,empty info,0,empty url
what is Scripting Languages,Latest Posts,0,www.bestcolleges.com
what is Scripting Languages,empty info,0,empty url
what is Scripting Languages,Trending Terms,0,www.techopedia.com
what is Scripting Languages,empty info,0,empty url
what is Scripting Languages,empty info,0,www.youtube.com
what is Scripting Languages,empty info,4,empty url
what is Scripting Languages, Register your domain names,0,www.ionos.com
what is Scripting Languages,empty info,0,empty url
what is Scripting Languages,Technipages,0,www.technipages.com
what is Scripting Languages,empty info,2,empty url
what is Scripting Languages,"This article explains the fundamental differences between Scripting vs Programming languages along with their benefits, types, etc to select the best option per your need:",2,www.softwaretestinghelp.com
what is Scripting Languages,empty info,1,empty url
what is Scripting Languages,EDUCBA,0,www.educba.com
what is Scripting Languages,empty info,0,empty url
what is Scripting Languages,empty info,0,empty url
what is Scripting Languages,"When it comes to automating specific processes, scripting languages are the most common. In addition, as compared to traditional programming languages, scripting languages require less code. They don't need to be compiled and can easily be understood.",5,www.atatus.com
